"year","last_name, first_name","player_id","team_id","pa","pitches","runs_all","runs_heart","runs_shadow","runs_chase","runs_waste"
"2025","Steer, Spencer","668715","113","567","2313",1.7625866644066064,-5.653201665234377,-14.596051409809228,15.47078128731859,6.541058452131609
"2025","Friedl, TJ","670770","113","684","2639",8.150318792673533,-26.694277023459072,-4.744670860745359,27.332576000632308,12.256690676245674
"2025","Smith, Cam","701358","117","493","2024",-7.337292371080327,-6.652710323553513,-19.350293422371514,9.718170822498514,8.947540552346192
"2025","Goldschmidt, Paul","502671","147","529","2092",1.1077901307300064,-14.696785709946754,-9.128788825040653,16.593241478922366,8.340123186795083
"2025","Bohm, Alec","664761","143","504","1801",4.120509907599638,-12.064670915947215,-2.760464715995289,12.235223720024361,6.710421819517798
"2025","Flores, Wilmer","527038","137","462","1918",-1.5217124562812954,-8.478394611874629,-11.942463050239146,10.110270288596569,8.788874917235912
"2025","Bailey, Patrick","672275","137","452","1724",-18.98807104084062,-12.092924425153853,-17.872655590574485,6.338996007621853,4.638512967265871
"2025","Lee, Jung Hoo","808982","137","616","2351",1.9470400127863274,-15.508434127864309,-8.885036855160006,16.417675692608544,9.92283530320212
"2025","Mangum, Jake","663968","139","426","1435",-4.215583955999169,-14.116787281573728,0.5002732312681497,4.674269293433343,4.726660800873097
"2025","Burger, Jake","669394","140","376","1324",-6.58441210183753,0.008479700467384277,-11.806807681817084,0.3770565158413296,4.836859363670852
"2025","Springer, George","543807","141","583","2307",48.586759839305365,29.642827600978773,-16.379488963091394,25.15074406868642,10.172677132731573
"2025","Wade Jr., LaMonte","664774","108","241","1039",-14.559161398950506,-20.973007939345052,-4.534984752741201,7.441814106966532,3.5070171861691795
"2025","Kurtz, Nick","701762","133","486","1954",39.82466837573409,14.73559132859939,2.2324726972588556,14.076730232253592,8.779874117622198
"2025","Henderson, Gunnar","683002","110","643","2503",9.49961980924465,-13.811819053952823,-5.358608056471741,20.50702669156526,8.163020228103957
"2025","Bregman, Alex","608324","111","492","1947",17.207187221361284,3.2694346916556922,-12.853163464655706,17.290679545472695,9.500236448888577
"2025","Arias, Gabriel","672356","114","470","1792",-15.210636853081514,-7.122409485385418,-15.963758179823575,1.8430129509498199,6.032517861177671
"2025","Schneemann, Daniel","682177","114","421","1668",-12.54899678565707,-17.05610315600631,-10.378793021925986,10.347388377193832,4.538511015081367
"2025","Tauchman, Mike","643565","145","385","1594",11.307546203645302,-3.376275300077863,-5.178709397720368,13.283035336792882,6.57949556465068
"2025","Greene, Riley","682985","116","654","2706",15.54084080107996,9.225858322500589,-20.168090097743193,17.131728616059664,9.351343960262874
"2025","Frazier, Adam","624428","118","457","1841",-7.3965460726713275,-15.743435542215721,-8.527315750659243,9.20603289934272,7.6681723208609425
"2025","Rojas, Miguel","500743","119","315","1166",1.063303958604796,-0.434010117141939,-6.346796376659123,5.229959897364941,2.61415055504091
"2025","Myers, Dane","667472","146","332","1241",-15.346898763846335,-11.625416724710568,-16.778001808514855,9.355371754627223,3.7011480147518645
"2025","Wells, Austin","669224","147","447","1794",-3.2027854674895466,-1.6916215448140859,-16.296709617011206,9.063957293936623,5.721588400399122
"2025","Realmuto, J.T.","592663","143","549","2196",-3.8960043101928408,-9.372639165459011,-12.166399110762265,9.416789783207298,8.226244182821121
"2025","Schwarber, Kyle","656941","143","717","3059",51.627492921556104,29.045124333442644,-22.473389732937754,25.343806165642984,19.711952155408017
"2025","Crawford, J.P.","641487","136","652","2731",2.5524720083677646,-21.88486273433233,-6.9790112622449,21.459570423236908,9.956775581708099
"2025","Adames, Willy","642715","137","683","2797",13.4121262745288,-0.7646175802470381,-19.268251611066653,19.708497067728217,13.736498398114222
"2025","Devers, Rafael","646240","137","718","3060",29.055056451294973,-4.55941412098059,-9.295162038467545,31.130386213896834,11.779246396846256
"2025","Pagés, Pedro","686780","138","388","1486",-11.630944508315215,-3.8122411245191885,-14.74938814701729,1.2389462186932207,5.691738544528065
"2025","Simpson, Chandler","802415","139","440","1516",-8.846921709897941,-12.712266228454986,-8.20366516169664,8.174174737671791,3.894834942581879
"2025","Higashioka, Kyle","543309","140","326","1279",-1.5541956394846919,-0.6740020776557025,-10.1156108947879,4.315343181893207,4.92007415106567
"2025","Jung, Josh","673962","140","511","1931",-3.6572946771872847,-1.4210914141739033,-16.26924605024328,9.085030833084295,4.948011954145639
"2025","Young, Jacob","696285","120","364","1367",-17.487875273247774,-14.676839521809134,-14.178041111586706,6.784336167005944,4.58266919314213
"2025","Carroll, Corbin","682998","109","638","2497",24.247920825300877,11.345572346279111,-14.570479811343663,15.73273855969311,11.740089730672327
"2025","Suzuki, Seiya","673548","112","649","2727",17.70428056473513,9.962854033550107,-21.224074599090464,18.618720737622848,10.346780392652676
"2025","Diaz, Yainer","673237","117","565","1871",-0.794318603930561,3.5347660198826536,-5.607366612300389,-4.399189463761409,5.677471452248606
"2025","Stowers, Kyle","669065","146","454","1712",26.453455494951044,14.535027424090716,-8.134970778798719,13.602338709711702,6.451060139947405
"2025","Lopez, Otto","672640","146","592","2129",-5.811703333338986,-14.059068828610831,-11.154656634583747,11.717548070626721,7.684474059228884
"2025","Frelick, Sal","686217","158","594","2311",10.115111561195897,-12.2011776739031,-7.203181553802684,20.485378712095176,9.034092076806536
"2025","Clemens, Kody","665019","142","385","1529",-2.3530395168796585,-0.47519201621664126,-15.789230785296589,7.102370206199393,6.809013078434198
"2025","Horwitz, Spencer","687462","134","410","1698",10.453596173917184,-1.8656156038271932,-4.188902461538861,11.738266449976443,4.769847789306785
"2025","Suárez, Eugenio","553993","136","655","2606",22.841050466113007,15.56202216804206,-10.49746228319995,7.106891855472732,10.669598725798158
"2025","Narváez, Carlos","665966","111","446","1829",-0.22411193311974975,-11.236797341985051,-4.613149626785584,9.501053816727907,6.124781218923002
"2025","Rafaela, Ceddanne","678882","111","587","2128",-6.173162139826243,1.8501597718535492,-16.304692971591344,1.7798682402902675,6.501502819621303
"2025","Taylor, Michael A.","572191","145","324","1267",-10.984841190069435,-3.2475780138133836,-16.53890642093388,5.438395716567399,3.3632475281103975
"2025","Turang, Brice","668930","158","658","2772",17.330442137744548,-10.183234442512354,-4.429211489015547,22.176094005781977,9.766794063490465
"2025","Buxton, Byron","621439","142","537","2028",28.656625289536983,18.794045538843708,-7.1599066754320555,7.599932980827048,9.422553445298266
"2025","Jeffers, Ryan","680777","142","461","1879",5.626614013305993,-12.353921362269993,-4.535092625373139,12.34500573560561,10.170622265343532
"2025","Mullins, Cedric","656775","121","497","2103",-9.188796492148166,-22.026084499208633,-10.854777216361109,16.560862150185695,7.131203073235888
"2025","Grisham, Trent","663757","147","581","2393",22.158966628928574,-14.771131472931316,6.574279510788127,21.138122786456737,9.21769580461505
"2025","Rice, Ben","700250","147","530","2047",21.867033227664237,12.458539738609343,-15.250559081494197,13.853970098469457,10.805082472079773
"2025","Díaz, Elias","553869","135","282","1055",-12.163873620496307,-7.121041146932733,-13.771044692522755,4.958991271785736,3.769220947173426
"2025","Cronenworth, Jake","630105","135","514","2184",5.851870836373702,-15.494468624543737,-7.324485985472181,21.08184404398762,7.588981402402048
"2025","Pederson, Joc","592626","140","306","1237",-10.344170244813615,-12.24881400683718,-11.510991088885298,8.238869336068076,5.17676551484079
"2025","Busch, Michael","683737","112","590","2324",31.557857437812523,13.804260290098147,-12.503273960650118,18.796394314609174,11.460476793755339
"2025","Sosa, Lenyn","672820","145","544","2056",5.960294850853281,4.76733620791302,-8.25446686988511,4.111776163247577,5.335649349577796
"2025","Dubón, Mauricio","643289","117","398","1346",-11.638795409491793,-10.497666349925408,-15.214296799584853,9.206299815068023,4.866867924950471
"2025","Paredes, Isaac","670623","117","438","1942",17.438466729742892,-1.7837335590642707,-13.541328747136333,21.131365106492957,11.632163929450567
"2025","Edman, Tommy","669242","119","377","1338",-2.3883415437679028,-3.324819458581224,-9.78642448128777,5.8778944290063935,4.845007967094704
"2025","Edwards, Xavier","669364","146","617","2250",-7.368301158539412,-25.685919682475426,-7.954758518265547,19.17521646976972,7.097160572431875
"2025","McNeil, Jeff","643446","121","458","1718",4.0019942655702385,0.8386571928369659,-19.845719619274263,13.268366503696141,9.74069018831141
"2025","Gorman, Nolan","669357","138","400","1655",-7.973539376908459,-12.064263163295118,-9.544836335197495,8.665800879844605,4.969759241739562
"2025","Guerrero Jr., Vladimir","665489","141","672","2502",37.55381619971795,7.091542202773428,-1.9580842797355782,22.931334053449667,9.489024223230393
"2025","Moreno, Gabriel","672515","109","306","1314",4.8033924692745655,-8.822924910830713,-2.1631243596771075,11.564917781340343,4.224523958442045
"2025","Profar, Jurickson","595777","144","368","1574",12.955113882408682,-12.273262495706065,4.888753280159208,13.221521843837976,7.118101254117514
"2025","Murphy, Sean","669221","144","335","1355",-0.39970401571304304,5.566944580994727,-20.258155571067533,9.875271248237633,4.416235726122146
"2025","Caratini, Victor","605170","117","386","1417",3.1151756282097414,-6.902403761678641,-7.151252954593546,9.745491187990364,7.423341156491563
"2025","Hernández, Teoscar","606192","119","545","2139",2.3107015855157265,7.151548402023907,-20.945701460270932,6.072162095172816,10.032692548589907
"2025","Call, Alex","669743","119","322","1314",3.234700390673777,-15.79356771895383,1.2473484645560893,13.98895436801591,3.7919652770556125
"2025","Hicks, Liam","689414","146","390","1537",1.5754372514613308,-16.14452261228324,-2.139015383908307,13.079491540998266,6.7794837066546165
"2025","Machado, Manny","592518","135","673","2647",10.29952788953799,0.23704417107056147,-10.277837376801024,12.277589929288677,8.062731165979796
"2025","Rodríguez, Julio","677594","136","704","2496",21.99108728205845,13.557349255673993,-22.487756453039655,19.60163841663384,11.319856062790317
"2025","Chapman, Matt","656305","137","534","2209",13.448416529183193,-7.093709324984272,-6.737996174693782,16.363111464713317,10.91701056414793
"2025","Langford, Wyatt","694671","140","570","2335",15.285563092301357,-1.2872799520625287,-17.558918463843547,19.34228616475297,14.789475343454454
"2025","Kirk, Alejandro","672386","141","504","1977",7.388458332169608,-15.86506711611242,1.0000229726413379,15.413241979533494,6.840260496107238
"2025","Soderstrom, Tyler","691016","133","622","2227",17.773571332362838,8.355287214989394,-11.54561488891122,11.351660408122925,9.612238598161714
"2025","Riley, Austin","663586","144","446","1791",4.134766427025147,1.2439992745254496,-7.81665301780154,4.617798887192242,6.089621283108968
"2025","Mountcastle, Ryan","663624","110","357","1353",-4.464589493508581,3.323943837429007,-16.347581737074236,2.3053394254775132,6.253708980659133
"2025","Lux, Gavin","666158","113","503","2052",1.2461592121456677,-14.409256402202141,-11.551814625492732,20.22578476101248,6.981445478828106
"2025","De La Cruz, Elly","682829","113","688","2676",2.183572029007022,-9.866968858745938,-11.135389748477904,13.26242538975141,9.92350524647947
"2025","Báez, Javier","595879","116","436","1543",-7.353495975047684,-3.3647927907719994,-6.782574605182233,-0.012446829917601866,2.806318250824136
"2025","Keith, Colt","690993","116","467","1826",3.759023519653833,-2.7726746830136726,-16.083984216751702,15.921460206354238,6.694222213065012
"2025","Yastrzemski, Mike","573262","118","554","2305",1.3742370007341582,-19.555900097377386,-9.850248659437721,21.88213622556833,8.898249531980959
"2025","Lee, Brooks","686797","142","527","2009",-12.936638159663714,-13.399871151546861,-16.545161932568476,10.221963189531873,6.786431734919704
"2025","Alonso, Pete","624413","121","704","2807",33.15128904671282,0.26497090663841927,2.354444276292699,17.17890269272911,13.35297117105256
"2025","Raleigh, Cal","663728","136","688","2833",45.06321330392197,11.247341841885897,-0.08558396940281496,18.238394477539753,15.663060953899034
"2025","Burleson, Alec","676475","138","545","1933",14.637738102097948,-4.9297735191353365,-1.3564116583037973,15.625550497259157,5.2983727822778866
"2025","Lowe, Brandon","664040","139","550","2137",9.784972162000704,-2.049038098086425,-3.8059387613593616,6.368178193269776,9.271770828176722
"2025","Barger, Addison","680718","141","498","1955",1.4786699342090455,-4.107358683293084,-8.873023547920594,8.873049861364898,5.586002304057823
"2025","García Jr., Luis","671277","120","525","1838",-6.667744178158504,1.5136319571324548,-16.32656132011014,1.6395233089262684,6.505661875892928
"2025","Marte, Ketel","606466","109","550","2095",31.87379313582446,-8.878875816579873,13.167735039778329,18.146069252706816,9.43886465991924
"2025","Lowe, Nathaniel","663993","111","607","2607",-6.434714673693639,-11.078958037768784,-20.385939876663407,16.147600166689656,8.882583074048945
"2025","Stephenson, Tyler","663886","113","339","1382",1.8963650140610633,0.6032421187186949,-12.007522410066246,8.248198870063128,5.052446435345518
"2025","Ward, Taylor","621493","108","662","2788",17.451691897211077,4.897921796502342,-16.780704584405903,18.862415608763634,10.472059076350968
"2025","Durbin, Caleb","702332","158","506","1838",3.6586398865711147,-10.122019166240259,-11.031599442579537,13.167431901466466,11.64482659392446
"2025","Alvarez, Francisco","682626","121","277","1123",8.882260449084283,3.879232832987521,-3.9168669425102416,5.094695401085501,3.825199157521518
"2025","Arozarena, Randy","668227","136","707","2873",10.543089912460125,-16.422089499296646,-7.365613307164639,20.312086275402528,14.018706443518898
"2025","Smith, Josh","669701","140","561","2287",-3.5932902748704167,-12.247217516525366,-17.801037007174624,17.471030686848525,8.983933561981077
"2025","Bell, Josh","605137","120","532","2102",1.734530436317166,-7.868990309188221,-18.878338757332813,17.65956985699713,10.822289645841094
"2025","Ozuna, Marcell","542303","144","590","2635",11.880954852568397,-3.266213121789721,-18.86598602538384,19.62605715756834,14.387096842173541
"2025","Rutschman, Adley","668939","110","365","1491",-5.943858052484378,-4.996004165485576,-19.30376308391268,12.396835001078069,5.959074195835826
"2025","Abreu, Wilyer","677800","111","412","1600",9.63899287246991,-2.9236379619744532,-2.441258796581813,9.586115929521815,5.417773701504285
"2025","Trevino, Jose","624431","113","302","1063",-11.325745544502038,-10.026248232441297,-9.259175603541403,5.3087749753683,2.650903316112341
"2025","Goodman, Hunter","696100","115","579","2149",26.835558738446046,16.73086811388035,1.5722702963939212,2.0062192589681684,6.526201069203571
"2025","Grichuk, Randal","545341","118","292","1075",-7.106384702074466,-6.87472362673277,-7.869908702514076,3.832012846027716,3.806234781144656
"2025","Lewis, Royce","668904","142","403","1517",-2.0519427762804563,-1.8552435413904598,-9.448521902955047,5.084542170318378,4.167280497746675
"2025","Soto, Juan","665742","121","702","2968",60.11358828333228,0.27946124670534633,9.27697191509166,35.94947490504903,14.607680216485987
"2025","Chisholm Jr., Jazz","665862","147","529","2138",19.218859454558864,4.947580535981414,-10.055614879856684,14.744742289461957,9.582151508972192
"2025","Gonzales, Nick","693304","134","408","1405",-9.263981499631496,-6.626479466257445,-12.922227499366379,5.97880415801409,4.305921307978234
"2025","Williamson, Ben","810938","136","295","1216",-12.45735857281268,-13.693767847779903,-3.6559489095249678,2.3607811673663983,2.5315770171258043
"2025","Walker, Jordan","691023","138","395","1541",-13.955386044126115,-9.803687612965534,-14.358328417574924,4.469277573913188,5.7373524125011786
"2025","Winn, Masyn","691026","138","537","2256",-5.668338854058891,-17.862877896763855,-10.155219193667829,13.768767557249316,8.580990679123495
"2025","Crews, Dylan","686611","120","322","1150",-6.915335519734508,-3.1663695684118447,-13.286177758665243,5.59908578224877,3.938126025093815
"2025","Butler, Lawrence","671732","133","628","2517",-2.4972130948586915,-3.6526747966249453,-24.699649252006,17.241578739951507,8.613532213820733
"2025","Anthony, Roman","701350","111","303","1283",16.310759802202508,-5.690577422100583,4.479169692555494,10.767867168067722,6.754300363679855
"2025","Espinal, Santiago","669289","113","328","1302",-17.22377932368811,-19.933236419278572,-10.556053971086085,8.537481592201104,4.728029474475421
"2025","Rocchio, Brayan","677587","114","383","1411",-12.869178307120663,-13.985655163248861,-13.472498806035084,8.991782333058591,5.597193329104677
"2025","Vargas, Miguel","678246","145","569","2323",-0.09097380334557933,-18.411545059453637,-12.45115714514645,21.131278511476022,9.640449889778465
"2025","Betts, Mookie","605141","119","661","2460",7.119129264096691,-5.162441006133852,-19.516985282509577,21.054628940481233,10.743926612258914
"2025","Norby, Connor","681393","146","337","1245",0.6011114023861391,2.968189400599966,-10.90072171628735,3.31079985438578,5.222843863687738
"2025","Turner, Trea","607208","143","638","2407",21.342520399736763,10.121412820884151,-7.800556162955678,9.177670928475518,9.843992813332733
"2025","Iglesias, Jose","578428","135","343","1370",-9.268482286659486,-14.58916557505395,-2.379079370971862,1.518145849731581,6.181616809634761
"2025","Ramos, Heliot","671218","137","693","2653",0.8765382334229339,-8.131369378671499,-24.102970242072796,15.63908166031215,17.47179619385512
"2025","Heim, Jonah","641680","140","433","1704",-13.436959562289251,-5.9712911650302045,-20.73127331729859,7.2358410614321444,6.029763858607375
"2025","Westburg, Jordan","676059","110","351","1300",11.016777752477449,8.03938139144035,-10.89290020032736,7.360936649630555,6.5093599117339265
"2025","Hoerner, Nico","663538","112","648","2305",6.015937767181508,-14.949041563926324,0.7497113857083291,12.829223041493906,7.386044903905613
"2025","Kwan, Steven","680757","114","691","2786",-2.7829363839236705,-33.48038526577069,-2.1231893620249958,24.016429065380354,8.804209178491673
"2025","Martínez, Angel","682657","114","484","1797",-16.1831782383845,-18.108646085782937,-7.609320588273261,4.2777693936805115,5.257019041991145
"2025","Torkelson, Spencer","679529","116","643","2634",14.235708205853703,-0.5540926726014574,-16.12177766745157,20.063174941205382,10.848403604701279
"2025","Peña, Jeremy","665161","117","541","1778",17.559421690058926,10.033656344401734,-9.89724130305464,9.061197595912356,8.361809052799385
"2025","Conforto, Michael","624424","119","486","2049",-11.431890228726909,-17.955530709176116,-20.87584993599031,17.380657835837027,10.018832580602496
"2025","Wagaman, Eric","676572","146","514","1955",-7.383666228724619,-6.657890586052581,-15.519464940174073,8.160772083367869,6.632917214134185
"2025","Scott II, Victor","687363","138","463","1703",-13.16096087455078,-18.79750377247793,-16.621971301282258,15.991181630990779,6.267332568218684
"2025","Lile, Daylen","695734","120","351","1306",14.139979916825855,-2.6608829659455138,3.0987593701106273,10.197594229558826,3.504509283101889
"2025","Adell, Jo","666176","108","573","2219",15.614451805517161,15.12842941406214,-16.91086270463544,7.822734976557882,9.5741501195326
"2025","Alexander, Blaze","677942","109","265","1041",1.438104986401464,-0.423805464547989,-11.911846073698532,9.849852926339198,3.923903598308801
"2025","Campbell, Kristian","692225","111","263","1070",-4.119911262559785,-5.306378680150888,-12.940826428238351,8.713771794315916,5.413522051513543
"2025","Tucker, Kyle","663656","112","590","2306",23.9133831935901,-11.33307436228963,-4.564909909236332,27.66566970525969,12.145697759856294
"2025","Farmer, Kyle","571657","115","300","1101",-6.871958991311045,-7.338053312612938,-6.109368397372055,2.599056193377799,3.9764065252961287
"2025","Ohtani, Shohei","660271","119","707","2865",63.104372848091685,21.925365682128596,6.440711772249784,21.46803298762431,13.270262406088904
"2025","Vaughn, Andrew","683734","158","447","1722",-4.474229045826624,-3.7368064851727674,-14.648326021949687,7.007972761547946,6.902930699747868
"2025","Ortiz, Joey","687401","158","506","1873",-13.960855360668726,-13.356114261687837,-13.856981910380803,8.167136809316933,5.085104002082983
"2025","Lindor, Francisco","596019","121","730","2940",18.68561842337975,-6.061718498323154,-13.638246804278856,23.52036935678618,14.865214369195657
"2025","Arenado, Nolan","571448","138","432","1586",-8.407791025066754,-13.8147493101608,-9.929602029676902,9.973805109391337,5.362755205379608
"2025","Seager, Corey","608369","140","435","1668",21.516751407158274,9.028388278108947,-8.695479783497685,13.018188410352897,8.165654502194101
"2025","Rooker, Brent","667670","133","694","2575",18.871417236051006,13.125540911694912,-18.858637241644452,15.347512886395004,9.257000679605564
"2025","Allen, Nick","669397","144","415","1582",-26.592788427505376,-24.77954511552515,-17.440481981500316,10.06675254702529,5.560486122494802
"2025","Shaw, Matt","807713","112","437","1720",-0.6119783568036716,-9.528794511961852,-3.065717380173187,7.403877311606907,4.578656223724471
"2025","Hays, Austin","669720","113","414","1559",0.875794533081322,-6.953157030681895,-5.603596881106132,8.008751703798895,5.423796741070466
"2025","Manzardo, Kyle","700932","114","529","2018",10.799208553239183,2.013838783585622,-7.580890782650939,8.652520327856003,7.713740224448432
"2025","Quero, Edgar","700337","145","403","1583",-3.292800517896952,-13.14871737289158,-6.778818240633967,10.570948973743025,6.063786121885577
"2025","Torres, Gleyber","650402","116","628","2652",14.517529485615144,-8.052821950347088,-23.764542344104303,32.93108393448251,13.403809845583922
"2025","Freeman, Freddie","518692","119","620","2382",26.950670182638934,9.029495582745893,-12.51182624908821,19.269142886667222,11.163857962314045
"2025","Hernández, Heriberto","681715","146","294","1137",9.217899126935192,-0.9800525611655873,-4.2910167333273,10.07407354710878,4.414894874319279
"2025","Yelich, Christian","592885","158","638","2601",15.83188763536138,2.7800867633388986,-13.948714828413395,15.681287060733991,11.319228639701857
"2025","Collins, Isaac","686555","158","441","1792",9.417154902192856,-12.29596749431257,-3.5845696540030407,17.01240159259436,8.285290457914082
"2025","Stanton, Giancarlo","519317","147","278","1214",19.143288889298532,10.209880279948896,-1.5290970628540879,6.074251748785706,4.3882539234180555
"2025","Judge, Aaron","592450","147","642","2631",79.23237480226626,48.980538232182646,-8.088107894461286,21.9929484407377,16.346996023807396
"2025","Stott, Bryson","681082","143","559","2466",0.2115398310658611,-11.137898681681143,-14.153017884643218,16.62931434238598,8.873142055004267
"2025","McCutchen, Andrew","457705","134","545","2267",-6.532108657165266,-13.601339532030527,-18.510029150155848,16.14211292761964,9.437147097401455
"2025","Arraez, Luis","650333","135","675","2467",-8.765676813851137,-31.025127902151493,-2.341022451392707,16.326694231954495,8.273779307738575
"2025","García, Adolis","666969","140","546","2150",-14.243089023955964,-12.068650238196126,-21.35550650393947,12.90353695830761,6.277530759872014
"2025","France, Ty","664034","141","489","1873",-5.429477805513648,-8.788195735875387,-17.12543237562618,11.434084200022847,9.050066105965094
"2025","Lukes, Nathan","664770","141","436","1662",6.824679161756452,-6.404920963921986,1.2817079435083014,6.487907471473842,5.459984710696267
"2025","Thomas, Alek","677950","109","469","1678",-13.16113691914835,-16.793607058743415,-5.809603727271422,4.440637375173208,5.001436491693288
"2025","Hayes, Ke'Bryan","663647","113","567","2149",-25.319306472641493,-27.144400635782343,-18.009869852383456,12.657490479340037,7.177473536184336
"2025","Dingler, Dillon","693307","116","467","1793",2.256253278490634,-2.6913770403345914,-10.97801399812754,10.288317059185074,5.637327257767668
"2025","Witt Jr., Bobby","677951","118","679","2511",27.763246513980945,-1.363210522500289,1.0883668251457927,18.251443100668475,9.786647110666978
"2025","Taylor, Tyrone","621438","121","340","1246",-14.549598863349965,-12.118653484877361,-11.376875230376607,4.195442526393591,4.75048732551039
"2025","Vientos, Mark","668901","121","463","1764",-5.608305243256831,-1.328262623455327,-19.546658980400395,6.913211444344864,8.353404916254066
"2025","Harper, Bryce","547180","143","574","2172",23.160898070000066,9.037352538490772,-8.919247717544,10.248530769931152,12.794262479122178
"2025","Marsh, Brandon","669016","143","424","1657",6.539148745784945,-0.020030080911197345,-6.436478127838425,7.997008562255734,4.998648392278821
"2025","Cruz, Oneil","665833","134","540","2235",-6.137944007605157,-15.158395800138335,-14.278860014973565,14.151104972523992,9.14820683498276
"2025","Reynolds, Bryan","668804","134","653","2631",-2.069310909400681,-14.618400767834421,-13.929467561325701,15.138709246598657,11.339848173160824
"2025","Lowe, Josh","666139","139","432","1825",-13.746984887882155,-8.654954565902155,-22.299613347680186,11.398438253292818,5.8091447724074
"2025","Kiner-Falefa, Isiah","643396","141","459","1631",-14.940249868271701,-6.657196813232538,-15.158538740373672,2.9562216249734923,3.9192640603609914
"2025","Cowser, Colton","681297","110","358","1483",-6.287727754956234,3.4388295774736717,-22.72923119224327,7.101883129184073,5.9007907306292475
"2025","Swanson, Dansby","621020","112","643","2520",-4.418357709705916,-4.715616879542059,-24.908631136129237,14.67127240276303,10.534617903202403
"2025","Ramírez, José","608070","114","651","2666",36.57001232759769,-6.468188871049754,8.49956921310672,21.87782849646678,12.660803489073773
"2025","Toglia, Michael","669911","115","335","1354",-10.63873711824945,-2.395838551893935,-17.935061240260804,4.887894692413472,4.804267981491784
"2025","Doyle, Brenton","686668","115","538","1957",-9.63587736272286,-2.860834313002789,-23.421014417351174,10.554568222261407,6.091403145369617
"2025","Walker, Christian","572233","117","639","2513",0.2424717883250736,5.3939402156444345,-26.22843854516834,11.323569714032512,9.75340040381649
"2025","Neto, Zach","687263","108","548","2171",9.538620861697718,5.389511819801466,-18.055119322988688,10.908413728860907,11.295814636024083
"2025","Bellinger, Cody","641355","147","655","2594",18.608289670009125,-5.695951498545158,-2.0843897676975183,16.34744212314654,10.041188813105272
"2025","Nootbaar, Lars","663457","138","580","2359",-1.4035404066684742,-16.677053265378362,-13.801162047766049,19.84487877134209,9.229796135133881
"2025","Díaz, Yandy","650490","139","645","2520",24.391050715695823,2.820667901373282,-6.553673091732727,18.748653027888555,9.375402878166746
"2025","Smith, Pavin","656976","109","287","1255",9.124932809269064,-5.335917275682484,0.7174339410126024,7.700647446244777,6.042768697694162
"2025","Harris II, Michael","671739","144","639","2173",-22.176694175594694,-2.179159833007294,-20.62110553802423,-2.9071994089634363,3.5307706044002463
"2025","Tovar, Ezequiel","678662","115","389","1469",-5.303547072537413,-5.983347866466281,-5.404622280368061,-0.5037795357305581,6.588202610027488
"2025","Muncy, Max","571970","119","386","1650",17.01180930435525,-6.223691170886229,-2.6593166967864406,17.900896460233472,7.9939207117944635
"2025","Volpe, Anthony","683011","147","596","2397",-16.367988451160777,-11.557692973307045,-28.209905100713208,15.03252494389209,8.367084678967387
"2025","Tatis Jr., Fernando","665487","135","684","2636",27.19079455414094,-0.3264223184645263,-9.201088074091677,23.625175268881044,13.093129677816147
"2025","Contreras, Willson","575929","138","562","2160",12.964622103079416,-6.319915294262515,-3.779676449304629,14.014931275327289,9.04928257131923
"2025","Wilson, Jacob","805779","133","522","1735",12.733219970789843,-1.9356837593367902,-1.0220654175262236,7.335145341809019,8.355823805843759
"2025","Olson, Matt","621566","144","721","3162",32.010588433229685,8.330058620129112,-15.785141154498064,23.501117218266373,15.96455374933238
"2025","Albies, Ozzie","645277","144","664","2396",-3.4400350945095663,-0.4772887311995457,-29.471901558167488,17.910959109046633,8.598196085810853
"2025","Gonzalez, Romy","663853","111","340","1238",13.252020512401618,10.636975012656977,-7.5198258588261755,5.6995232194042105,4.435348139166586
"2025","Marte, Noelvi","682622","113","360","1267",8.013588377514324,5.173075755446898,-6.965471805973336,5.110302511654989,4.695681916385745
"2025","Naylor, Bo","666310","114","414","1681",-9.07777720139348,-11.926913119541956,-13.345379519549196,8.858122254396223,7.336393183301453
"2025","McKinstry, Zach","656716","116","510","2035",1.1438210585003266,-7.492765550901753,-11.823756378114913,12.014904016091231,8.445438971425764
"2025","Torrens, Luis","620443","121","283","1069",-9.103663969696896,-12.362277874389813,-8.49598790679279,8.300447176938214,3.4541546345474776
"2025","Caballero, José","676609","147","367","1501",-0.5993953022205845,-10.198870524185105,-9.850101021356638,12.401423414886803,7.048152828434351
"2025","Straw, Myles","664702","141","299","1104",-2.7192766059678806,-5.506974837391739,-8.489095271969468,7.5410014874583196,3.735792015934997
"2025","Trout, Mike","545361","108","546","2482",16.79168300745585,-19.68885780053803,8.534061341524364,19.438597505070135,8.507881961399374
"2025","Soler, Jorge","624585","108","315","1290",1.1432169417238212,-3.710381762645506,-10.154698068816245,10.300608079306759,4.707688693878823
"2025","Moncada, Yoán","660162","108","287","1128",6.425079893920046,-1.2436724565131676,-6.186300081517822,9.597219771424529,4.257832660526516
"2025","Bleday, JJ","668709","133","342","1328",-4.786996543833671,-9.190775593871583,-14.285813490693997,13.976267423975148,4.713325116756786
"2025","Baldwin, Drake","686948","144","446","1750",18.145900755439964,-6.745822184795697,5.747430778490047,10.991433638673124,8.152858523072519
"2025","Toro, Abraham","647351","111","283","1105",-5.7605687404175345,-5.194507889920406,-11.20010622315183,5.871120942714556,4.762924429940151
"2025","Duran, Jarren","680776","111","695","2624",16.090724683227837,4.041027334377701,-12.55218455091728,9.277380195083065,15.324501704684366
"2025","Freeman, Tyler","671289","115","428","1646",-0.14369833764467252,-21.518352964760073,-2.35275337081285,15.872813009514527,7.854594988413752
"2025","Pérez, Wenceel","672761","116","383","1534",-3.863188140054019,-13.133400211166638,-6.183264449926169,8.211798743839005,7.241677777199799
"2025","Sánchez, Jesús","660821","117","496","1936",-7.059723698872877,-4.53173773358372,-16.779837983194362,9.235269089137391,5.016582928767828
"2025","Meyers, Jake","676694","117","381","1340",-0.3971769429222189,-7.2792944649893645,-8.957171449274032,9.109112007381576,6.730176963959634
"2025","India, Jonathan","663697","118","566","2359",-9.895163961536804,-29.198317162867685,-8.136470713422046,18.876027325218622,8.563596589534288
"2025","Hoskins, Rhys","656555","158","326","1429",3.732115194382412,-5.794977260629413,-7.860121316212836,12.04798687746111,5.3392268937635725
"2025","Nimmo, Brandon","607043","121","651","2602",2.728825537609079,-10.998442809304539,-13.410884597637487,17.61125352183795,9.52689942271319
"2025","Castellanos, Nick","592206","143","589","2166",-4.903015671094093,5.904265669408645,-19.34082088491614,-0.34476935783025836,8.878308902243704
"2025","Bader, Harrison","664056","143","501","1941",11.787344643339056,10.855097778268382,-13.08546671018227,4.5146784731143015,9.503035102138654
"2025","Triolo, Jared","669707","134","375","1454",-4.821522854058394,-9.73538746782835,-11.673471805486876,12.115954683017987,4.471381736238853
"2025","Naylor, Josh","647304","136","600","2013",20.91556950118542,4.346447554838825,-1.7955424764728851,12.773050102783685,5.5916143200357835
"2025","Giménez, Andrés","665926","141","369","1452",-10.939551644700709,-13.355729759540607,-14.920646286930792,11.140980050284018,6.195844351486668
"2025","Bichette, Bo","666182","141","626","2308",21.576878409812984,6.9338641471544635,-5.292797271990143,13.091458367774184,6.844353166874523
"2025","Abrams, CJ","682928","120","634","2320",1.0929338795019437,-14.180807267770026,-9.13839864226082,13.547055043014323,10.86508474651852
"2025","Wood, James","695578","120","681","2887",19.119549252399064,14.857137424538958,-22.347430688345487,17.11320046234237,9.496642053863338
"2025","Gurriel Jr., Lourdes","666971","109","545","1994",-1.3356242087405472,-7.871862604478806,-8.108682579035014,8.333273544973313,6.311647429799951
"2025","Acuña Jr., Ronald","660670","144","408","1741",33.398870968550675,3.8922838216995674,0.23666883889249646,18.59562060866012,10.674297699298478
"2025","McLain, Matt","680574","113","575","2364",-15.513194168790454,-18.40219267841776,-19.11918099283402,13.639723817356558,8.368455685104731
"2025","Benintendi, Andrew","643217","145","468","1721",8.61793497709863,2.769246141187856,-15.70219257997113,15.17000169241855,6.380879723463375
"2025","Montgomery, Colson","695657","145","283","1082",11.96037726071966,11.582024237806852,-9.592486443971769,6.817877008477885,3.1529624584066847
"2025","Kepler, Max","596146","143","471","1826",-5.8517599252302315,-12.238242822369953,-10.63621667854248,11.179872870251913,5.842826705430318
"2025","Bart, Joey","663698","134","332","1345",-1.6895300795236667,-12.082022510994655,-4.43544475014664,9.677081532295045,5.150855649322576
"2025","O'Hearn, Ryan","656811","135","538","2164",13.362225570833097,0.973865548524177,-9.505897000766565,11.653608427062414,10.240648596013026
"2025","Fermin, Freddy","666023","135","347","1372",-10.475183373968548,-7.4924614761640305,-15.46218336807291,7.887445604190127,4.592015866078258
"2025","Young, Cole","702284","136","256","1034",-7.714520203294735,-10.523465449968132,-9.43018499352929,7.804889502386561,4.434240737816118
"2025","Schmitt, Casey","669477","137","347","1330",-5.443141083941183,-2.089762087571544,-16.45788548278901,8.359238158521752,4.745268327897624
"2025","Donovan, Brendan","680977","138","512","1923",3.413410556227106,-7.75629057262216,-12.469913385910768,14.504673034877966,9.134941479882103
"2025","Aranda, Jonathan","666018","139","417","1714",22.12788439385006,6.20403251273445,-8.808845194906802,15.662327579392729,9.070369496629723
"2025","Caminero, Junior","691406","139","652","2494",24.79470935490994,17.855137298736754,-10.695200829041791,8.532703188939278,9.102069696275624
"2025","Tellez, Rowdy","642133","140","312","1286",-1.0652068224338893,-4.8744991630285535,-6.755766254509166,6.311870220491303,4.253188374612539
"2025","O'Hoppe, Logan","681351","108","451","1758",-18.28932090782048,-2.2901720151082925,-27.055610639591897,5.755797400061704,5.300664346818033
"2025","Schanuel, Nolan","694384","108","559","2150",5.696094232885468,-13.597538217071738,-7.7314431753094155,17.43519491742315,9.589880707843472
"2025","Perdomo, Geraldo","672695","109","719","3007",38.378963838835105,-4.246073739543034,-2.589925612058719,33.84799729040891,11.36696590002794
"2025","Teel, Kyle","691019","145","297","1225",7.389173143143502,-4.274708272619832,-3.923116588940168,9.32760015382734,6.259397850876172
"2025","Sweeney, Trey","700242","116","327","1192",-18.643974585719,-18.8298244712479,-7.386816108654243,3.6922958899895715,3.8803701041935574
"2025","Contreras, William","661388","158","655","2556",16.635401593205536,-5.173560992415112,-10.027540370602143,20.87421399908229,10.962288957140503
"2025","Larnach, Trevor","663616","142","565","2191",3.9499472941594487,-2.270110854116835,-10.201518067396552,10.880114762039147,5.541461453633751
"2025","Wallner, Matt","670242","142","392","1555",14.84416642852632,4.833236840083285,-9.003104225223986,11.102201454633306,7.911832359033682
"2025","McMahon, Ryan","641857","147","585","2500",-6.844669670970258,-16.977906646945872,-16.035083976116095,18.26622071359541,7.9021002384963035
"2025","Saggese, Thomas","695336","138","294","1184",-9.42243456968221,-8.788435228007536,-9.495078423736231,7.289013256508588,1.5720658255529607
"2025","Walls, Taylor","670764","139","316","1274",-13.32331855530714,-19.5797580950411,-9.200489616686005,12.202643168973424,3.254285987446506
"2025","Urías, Luis","649966","133","330","1302",-1.683864772814048,-10.206496648374573,-12.334004742822563,16.000528260870006,4.8561083575131
"2025","Jones, Nolan","666134","114","401","1697",-16.970579036122494,-19.548611362574817,-12.468429624103653,9.437593909914643,5.608868040641337
"2025","Beck, Jordan","687597","115","587","2336",2.8172216405387966,-1.2015471509884987,-14.392848748468094,12.085487064248321,6.32613047574713
"2025","Perez, Salvador","521692","118","636","2267",-3.9419886225974383,-1.2829865093896553,-12.76735981029804,1.4782578353096645,8.630099861780606
"2025","Chourio, Jackson","694192","158","588","2108",6.913650208881116,10.686846511289534,-16.72466655589837,7.00411427300821,5.947355980481707
"2025","Baty, Brett","683146","121","432","1753",6.558921858932384,9.521584754310297,-17.93362466153921,11.135450083738972,3.8355116824223483
"2025","Bogaerts, Xander","593428","135","549","2100",-4.92594568653261,-5.985582731343962,-21.147668342997296,13.030505624861833,9.176799762946878
"2025","Sheets, Gavin","657757","135","544","2279",6.194992957153706,-11.040582500524824,-7.177326167315656,13.576561316803044,10.836340308191122
"2025","Polanco, Jorge","593871","136","523","2023",18.83095004786482,8.552250720228157,-12.836772073839983,13.867810025861019,9.247661375615625
"2025","Garver, Mitch","641598","136","289","1166",-5.176979993789293,-6.7484717778406,-11.495914297580077,6.566812446821354,6.500593634810043
"2025","Herrera, Iván","671056","138","451","1809",22.662140705123548,0.6727843250063605,-1.555614277768759,16.72306377446546,6.82190688342051
"2025","Clement, Ernie","676391","141","587","1871",-4.5794872541356595,-9.76714534019794,-7.372739122689886,5.461529831448036,7.09886737730414
"2025","Holliday, Jackson","702616","110","646","2439",-7.532646790147874,-16.55181898277071,-21.00720273845425,18.01502143293834,12.011353498138842
"2025","Happ, Ian","664023","112","661","2717",12.530329851415122,-6.599552372913094,-17.756554825925026,28.012518651043465,8.873918399209765
"2025","Moniak, Mickey","666160","115","460","1598",10.35809088796497,6.475668517860516,-7.838784800111928,6.447225479133421,5.273981691082898
"2025","Robert Jr., Luis","673357","145","428","1524",-3.354636126504161,-0.6090766572758501,-14.384581142882704,6.397717922358251,5.241303751296143
"2025","Meidroth, Chase","805367","145","505","2057",-8.958294578552547,-23.706666876041083,-12.869771600518424,17.718881783147033,9.89926211485995
"2025","Altuve, Jose","514888","117","649","2314",9.194742938753578,-2.3627639746709637,-11.20970357400727,10.18427793683384,12.582932550597967
"2025","Isbel, Kyle","664728","118","409","1470",-12.749318698276193,-14.118441083200869,-9.057297848836967,5.5713013308219175,4.855118902939743
"2025","Smith, Will","669257","119","435","1926",27.63357460775342,4.225674318561308,-1.1152600956062573,16.14076474043209,8.382395644366317
"2025","Domínguez, Jasson","691176","147","428","1692",3.2187836598744264,-5.864003519010135,-10.310394222072949,13.49425229987165,5.898929101085898
"2025","Langeliers, Shea","669127","133","521","1924",17.032970301206564,9.965524856229331,-9.21119727006964,8.777933706776922,7.500709008269916
"2025","Kelly, Carson","608348","112","421","1667",1.3947490477423512,-5.818509268240782,-12.001949567160814,12.505775913683763,6.709431969460208
"2025","Castro, Willi","650489","112","453","1735",-1.9315451985081191,-9.41953304110757,-11.153826691948094,11.676651739295432,6.965162795252108
"2025","Andujar, Miguel","609280","113","340","1214",10.605525392272272,1.9414161855809042,-2.0907578919327365,7.559842038677016,3.1950250599470698
"2025","Baldwin, Brooks","681460","145","328","1251",-1.6572761959543876,2.5853857935838067,-13.03575850520975,3.759623961812096,5.033472553859462
"2025","Correa, Carlos","621043","117","584","2311",-2.2318572705978106,-14.581213140895736,-8.045779083485193,13.37415844928334,7.020976504499769
"2025","Hernández, Enrique","571771","119","256","1033",-10.151943223844105,-9.678083451374683,-9.444959680799887,6.867376212080869,2.103723696249598
"2025","Ramírez, Agustín","682663","146","583","2122",-5.170179501973035,-3.667462965270527,-21.45670365967554,11.288638518154386,8.665348604818623
"2025","Sanoja, Javier","691594","146","342","1218",1.2347144338718248,-2.5365835098276084,-6.623450470419702,6.621315206526403,3.77343320759274
"2025","Marte, Starling","516782","121","329","1255",1.6455111176595376,-0.0034626672458496766,-10.463853134298052,6.882201506545453,5.230625412657992
"2025","Davis, Henry","680779","134","283","1069",-19.46293942790689,-13.364184877023751,-13.649296250467833,4.351386050270154,3.199155649314533
"2025","Adams, Riley","656180","120","286","1160",-16.050074376342085,-7.446629088735219,-14.39844925177521,1.6268162606916259,4.168187703476662
"2025","Rengifo, Luis","650859","108","541","2008",-17.34092321885414,-10.51878171768289,-20.78159619924456,4.949757853341908,9.009696844731458
"2025","Mayo, Coby","691723","110","292","1130",-1.0148110828595405,-5.693652047741266,-4.8459010681861905,5.921461318096976,3.603280714970939
"2025","Story, Trevor","596115","111","653","2472",4.975433665042241,-6.242878818430492,-3.088145077155891,4.9867454585668165,9.319712102061795
"2025","Santana, Carlos","467793","112","473","1978",-8.431835069736586,-20.09485851972813,-12.311432995282878,14.365778534324518,9.608677910949922
"2025","Crow-Armstrong, Pete","691718","112","646","2312",9.825288588154786,5.205683577840625,-13.23054737739306,9.481808317973028,8.368344069734148
"2025","Carpenter, Kerry","681481","116","464","1736",15.64956863499762,16.851931141474005,-10.918580557861823,2.7562412229393547,6.959976828446063
"2025","Urías, Ramón","602104","117","388","1499",-5.504474144637412,-10.276069990784396,-7.741614804450272,6.410614592271374,6.102596058325879
"2025","Garcia, Maikel","672580","118","665","2519",10.437990664782172,-22.537342276291103,1.065752106766409,22.245855840607653,9.663724993699198
"2025","Pasquantino, Vinnie","686469","118","677","2572",16.657963939345628,-0.048636055496722785,-6.221801997065238,12.398796895458737,10.529605096448833
"2025","Pages, Andy","681624","119","624","2365",11.676926431319474,6.200084304743834,-10.999519681405808,7.067414154339981,9.408947653641418
"2025","Jansen, Danny","643376","158","336","1347",2.3350185885682895,-2.1939563009938565,-10.661729546472131,9.776751918954515,5.413952517079768
"2025","Pham, Tommy","502054","134","446","1706",-0.41551658194663255,-11.28703751025612,-7.434453827318932,12.621535540188766,5.684439215439655
"2025","Laureano, Ramón","657656","135","485","1998",20.909819359027715,2.746081955220629,-5.053862728217092,14.482220652789453,8.735379479234668
"2025","Merrill, Jackson","701538","135","482","1703",12.4770783951073,7.794841501093546,-6.818927396861458,5.290959150803942,6.210205140071279
"2025","Morel, Christopher","666624","139","305","1177",-5.341803518774333,-3.955563144662416,-13.254565852421129,7.402819456278752,4.4655060220304765
"2025","Semien, Marcus","543760","140","534","2075",-8.442868800692912,-14.313372415194904,-20.28906131461251,16.671968674559295,9.48759625455518